matrix_id,graph,persona_set,model,bot,seed,t,topic,variance,polarization,persona_drift_mean,delta_from_t0,delta_from_prev,democrat_count,republican_count,independent_count,measured_agents,vote_support_count,vote_against_count,vote_abstain_count,graph_nodes,graph_edges,graph_density,graph_components,graph_isolates,graph_avg_degree,graph_min_degree,graph_max_degree,graph_local_edges,graph_long_range_edges,graph_avg_clustering,graph_transitivity,graph_avg_shortest_path,graph_diameter,graph_degree_assortativity,graph_modularity,graph_bridge_edge_fraction,graph_avg_betweenness,graph_avg_eigenvector,bot_degree
20260317_131451,er,personas,degroot,off,11,0,"H.R.6938 - Appropriations Act, 2026. This bill cuts the EPA's budget by 4%, restricts the EPA from enforcing the 2015 Ozone Air Quality Standards, and expedites offshore oil and gas production to support an 'energy dominance agenda'.",0.09000000000000001,,,0.0,,,,,,,,,36,65,0.10317460317460317,1,0,3.611111111111111,1,7,65,0,0.12076719576719576,0.11162790697674418,2.806349206349206,6,-0.15076071922545053,-0.008165680473372738,0.015384615384615385,0.053127917833800185,0.14760658598022225,
20260317_131451,er,personas,degroot,off,11,1,"H.R.6938 - Appropriations Act, 2026. This bill cuts the EPA's budget by 4%, restricts the EPA from enforcing the 2015 Ozone Air Quality Standards, and expedites offshore oil and gas production to support an 'energy dominance agenda'.",0.02306565413202318,,,-0.06693434586797684,-0.06693434586797684,,,,,,,,36,65,0.10317460317460317,1,0,3.611111111111111,1,7,65,0,0.12076719576719576,0.11162790697674418,2.806349206349206,6,-0.15076071922545053,-0.008165680473372738,0.015384615384615385,0.053127917833800185,0.14760658598022225,
20260317_131451,er,personas,degroot,off,11,2,"H.R.6938 - Appropriations Act, 2026. This bill cuts the EPA's budget by 4%, restricts the EPA from enforcing the 2015 Ozone Air Quality Standards, and expedites offshore oil and gas production to support an 'energy dominance agenda'.",0.009098373589233972,,,-0.08090162641076604,-0.013967280542789206,,,,,,,,36,65,0.10317460317460317,1,0,3.611111111111111,1,7,65,0,0.12076719576719576,0.11162790697674418,2.806349206349206,6,-0.15076071922545053,-0.008165680473372738,0.015384615384615385,0.053127917833800185,0.14760658598022225,
20260317_131451,er,personas,degroot,off,11,3,"H.R.6938 - Appropriations Act, 2026. This bill cuts the EPA's budget by 4%, restricts the EPA from enforcing the 2015 Ozone Air Quality Standards, and expedites offshore oil and gas production to support an 'energy dominance agenda'.",0.004932482823234888,,,-0.08506751717676513,-0.004165890765999084,,,,,,,,36,65,0.10317460317460317,1,0,3.611111111111111,1,7,65,0,0.12076719576719576,0.11162790697674418,2.806349206349206,6,-0.15076071922545053,-0.008165680473372738,0.015384615384615385,0.053127917833800185,0.14760658598022225,
20260317_131451,er,personas,degroot,off,11,4,"H.R.6938 - Appropriations Act, 2026. This bill cuts the EPA's budget by 4%, restricts the EPA from enforcing the 2015 Ozone Air Quality Standards, and expedites offshore oil and gas production to support an 'energy dominance agenda'.",0.002692031952802938,,,-0.08730796804719708,-0.0022404508704319506,,,,,,,,36,65,0.10317460317460317,1,0,3.611111111111111,1,7,65,0,0.12076719576719576,0.11162790697674418,2.806349206349206,6,-0.15076071922545053,-0.008165680473372738,0.015384615384615385,0.053127917833800185,0.14760658598022225,
20260317_131451,er,personas,degroot,off,11,5,"H.R.6938 - Appropriations Act, 2026. This bill cuts the EPA's budget by 4%, restricts the EPA from enforcing the 2015 Ozone Air Quality Standards, and expedites offshore oil and gas production to support an 'energy dominance agenda'.",0.0015692481245191145,,,-0.0884307518754809,-0.0011227838282838233,,,,,,,,36,65,0.10317460317460317,1,0,3.611111111111111,1,7,65,0,0.12076719576719576,0.11162790697674418,2.806349206349206,6,-0.15076071922545053,-0.008165680473372738,0.015384615384615385,0.053127917833800185,0.14760658598022225,
20260317_131451,er,personas,degroot,off,11,6,"H.R.6938 - Appropriations Act, 2026. This bill cuts the EPA's budget by 4%, restricts the EPA from enforcing the 2015 Ozone Air Quality Standards, and expedites offshore oil and gas production to support an 'energy dominance agenda'.",0.0009196755664695726,,,-0.08908032443353044,-0.0006495725580495419,,,,,,,,36,65,0.10317460317460317,1,0,3.611111111111111,1,7,65,0,0.12076719576719576,0.11162790697674418,2.806349206349206,6,-0.15076071922545053,-0.008165680473372738,0.015384615384615385,0.053127917833800185,0.14760658598022225,
20260317_131451,er,personas,degroot,off,11,7,"H.R.6938 - Appropriations Act, 2026. This bill cuts the EPA's budget by 4%, restricts the EPA from enforcing the 2015 Ozone Air Quality Standards, and expedites offshore oil and gas production to support an 'energy dominance agenda'.",0.0005516265744000651,,,-0.08944837342559994,-0.00036804899206950754,,,,,,,,36,65,0.10317460317460317,1,0,3.611111111111111,1,7,65,0,0.12076719576719576,0.11162790697674418,2.806349206349206,6,-0.15076071922545053,-0.008165680473372738,0.015384615384615385,0.053127917833800185,0.14760658598022225,
20260317_131451,er,personas,degroot,off,11,8,"H.R.6938 - Appropriations Act, 2026. This bill cuts the EPA's budget by 4%, restricts the EPA from enforcing the 2015 Ozone Air Quality Standards, and expedites offshore oil and gas production to support an 'energy dominance agenda'.",0.0003341449541959571,,,-0.08966585504580406,-0.00021748162020410801,,,,,,,,36,65,0.10317460317460317,1,0,3.611111111111111,1,7,65,0,0.12076719576719576,0.11162790697674418,2.806349206349206,6,-0.15076071922545053,-0.008165680473372738,0.015384615384615385,0.053127917833800185,0.14760658598022225,
20260317_131451,er,personas,degroot,off,11,9,"H.R.6938 - Appropriations Act, 2026. This bill cuts the EPA's budget by 4%, restricts the EPA from enforcing the 2015 Ozone Air Quality Standards, and expedites offshore oil and gas production to support an 'energy dominance agenda'.",0.00020539207134994748,,,-0.08979460792865006,-0.0001287528828460096,,,,,,,,36,65,0.10317460317460317,1,0,3.611111111111111,1,7,65,0,0.12076719576719576,0.11162790697674418,2.806349206349206,6,-0.15076071922545053,-0.008165680473372738,0.015384615384615385,0.053127917833800185,0.14760658598022225,
20260317_131451,er,personas,degroot,off,11,10,"H.R.6938 - Appropriations Act, 2026. This bill cuts the EPA's budget by 4%, restricts the EPA from enforcing the 2015 Ozone Air Quality Standards, and expedites offshore oil and gas production to support an 'energy dominance agenda'.",0.00012768339976267372,,,-0.08987231660023734,-7.770867158727376e-05,,,,,,,,36,65,0.10317460317460317,1,0,3.611111111111111,1,7,65,0,0.12076719576719576,0.11162790697674418,2.806349206349206,6,-0.15076071922545053,-0.008165680473372738,0.015384615384615385,0.053127917833800185,0.14760658598022225,
20260317_131451,er,personas,semantic,off,11,0,"H.R.6938 - Appropriations Act, 2026. This bill cuts the EPA's budget by 4%, restricts the EPA from enforcing the 2015 Ozone Air Quality Standards, and expedites offshore oil and gas production to support an 'energy dominance agenda'.",0.449040949344635,1.01434742437053,0.0,0.0,,18,18,0,36,17,19,0,36,65,0.10317460317460317,1,0,3.611111111111111,1,7,65,0,0.12076719576719576,0.11162790697674418,2.806349206349206,6,-0.15076071922545053,-0.008165680473372738,0.015384615384615385,0.053127917833800185,0.14760658598022225,
20260317_131451,er,personas,semantic,off,11,1,"H.R.6938 - Appropriations Act, 2026. This bill cuts the EPA's budget by 4%, restricts the EPA from enforcing the 2015 Ozone Air Quality Standards, and expedites offshore oil and gas production to support an 'energy dominance agenda'.",0.39845553040504456,1.0014117313035655,0.0,-0.050585418939590454,-0.050585418939590454,20,16,0,36,,,,36,65,0.10317460317460317,1,0,3.611111111111111,1,7,65,0,0.12076719576719576,0.11162790697674418,2.806349206349206,6,-0.15076071922545053,-0.008165680473372738,0.015384615384615385,0.053127917833800185,0.14760658598022225,
20260317_131451,er,personas,semantic,off,11,2,"H.R.6938 - Appropriations Act, 2026. This bill cuts the EPA's budget by 4%, restricts the EPA from enforcing the 2015 Ozone Air Quality Standards, and expedites offshore oil and gas production to support an 'energy dominance agenda'.",0.3621937334537506,1.0050168115753364,0.0,-0.0868472158908844,-0.036261796951293945,22,14,0,36,,,,36,65,0.10317460317460317,1,0,3.611111111111111,1,7,65,0,0.12076719576719576,0.11162790697674418,2.806349206349206,6,-0.15076071922545053,-0.008165680473372738,0.015384615384615385,0.053127917833800185,0.14760658598022225,
20260317_131451,er,personas,semantic,off,11,3,"H.R.6938 - Appropriations Act, 2026. This bill cuts the EPA's budget by 4%, restricts the EPA from enforcing the 2015 Ozone Air Quality Standards, and expedites offshore oil and gas production to support an 'energy dominance agenda'.",0.34561580419540405,1.0018735706215343,0.0,-0.10342514514923096,-0.016577929258346558,21,15,0,36,,,,36,65,0.10317460317460317,1,0,3.611111111111111,1,7,65,0,0.12076719576719576,0.11162790697674418,2.806349206349206,6,-0.15076071922545053,-0.008165680473372738,0.015384615384615385,0.053127917833800185,0.14760658598022225,
20260317_131451,er,personas,semantic,off,11,4,"H.R.6938 - Appropriations Act, 2026. This bill cuts the EPA's budget by 4%, restricts the EPA from enforcing the 2015 Ozone Air Quality Standards, and expedites offshore oil and gas production to support an 'energy dominance agenda'.",0.3256915807723999,1.0145208753610706,0.0,-0.12334936857223511,-0.01992422342300415,23,13,0,36,,,,36,65,0.10317460317460317,1,0,3.611111111111111,1,7,65,0,0.12076719576719576,0.11162790697674418,2.806349206349206,6,-0.15076071922545053,-0.008165680473372738,0.015384615384615385,0.053127917833800185,0.14760658598022225,
20260317_131451,er,personas,semantic,off,11,5,"H.R.6938 - Appropriations Act, 2026. This bill cuts the EPA's budget by 4%, restricts the EPA from enforcing the 2015 Ozone Air Quality Standards, and expedites offshore oil and gas production to support an 'energy dominance agenda'.",0.3037334084510803,0.9946036693644155,0.0,-0.1453075408935547,-0.02195817232131958,22,14,0,36,,,,36,65,0.10317460317460317,1,0,3.611111111111111,1,7,65,0,0.12076719576719576,0.11162790697674418,2.806349206349206,6,-0.15076071922545053,-0.008165680473372738,0.015384615384615385,0.053127917833800185,0.14760658598022225,
20260317_131451,er,personas,semantic,off,11,6,"H.R.6938 - Appropriations Act, 2026. This bill cuts the EPA's budget by 4%, restricts the EPA from enforcing the 2015 Ozone Air Quality Standards, and expedites offshore oil and gas production to support an 'energy dominance agenda'.",0.29298362135887146,0.9965030558807574,0.0,-0.15605732798576355,-0.010749787092208862,24,12,0,36,,,,36,65,0.10317460317460317,1,0,3.611111111111111,1,7,65,0,0.12076719576719576,0.11162790697674418,2.806349206349206,6,-0.15076071922545053,-0.008165680473372738,0.015384615384615385,0.053127917833800185,0.14760658598022225,
20260317_131451,er,personas,semantic,off,11,7,"H.R.6938 - Appropriations Act, 2026. This bill cuts the EPA's budget by 4%, restricts the EPA from enforcing the 2015 Ozone Air Quality Standards, and expedites offshore oil and gas production to support an 'energy dominance agenda'.",0.2747369408607483,1.0099159157801771,0.0,-0.17430400848388672,-0.01824668049812317,21,15,0,36,,,,36,65,0.10317460317460317,1,0,3.611111111111111,1,7,65,0,0.12076719576719576,0.11162790697674418,2.806349206349206,6,-0.15076071922545053,-0.008165680473372738,0.015384615384615385,0.053127917833800185,0.14760658598022225,
20260317_131451,er,personas,semantic,off,11,8,"H.R.6938 - Appropriations Act, 2026. This bill cuts the EPA's budget by 4%, restricts the EPA from enforcing the 2015 Ozone Air Quality Standards, and expedites offshore oil and gas production to support an 'energy dominance agenda'.",0.27855271100997925,1.0033995151094925,0.0,-0.17048823833465576,0.003815770149230957,19,17,0,36,,,,36,65,0.10317460317460317,1,0,3.611111111111111,1,7,65,0,0.12076719576719576,0.11162790697674418,2.806349206349206,6,-0.15076071922545053,-0.008165680473372738,0.015384615384615385,0.053127917833800185,0.14760658598022225,
20260317_131451,er,personas,semantic,off,11,9,"H.R.6938 - Appropriations Act, 2026. This bill cuts the EPA's budget by 4%, restricts the EPA from enforcing the 2015 Ozone Air Quality Standards, and expedites offshore oil and gas production to support an 'energy dominance agenda'.",0.28365761041641235,0.996831696397122,0.0,-0.16538333892822266,0.0051048994064331055,20,16,0,36,,,,36,65,0.10317460317460317,1,0,3.611111111111111,1,7,65,0,0.12076719576719576,0.11162790697674418,2.806349206349206,6,-0.15076071922545053,-0.008165680473372738,0.015384615384615385,0.053127917833800185,0.14760658598022225,
20260317_131451,er,personas,semantic,off,11,10,"H.R.6938 - Appropriations Act, 2026. This bill cuts the EPA's budget by 4%, restricts the EPA from enforcing the 2015 Ozone Air Quality Standards, and expedites offshore oil and gas production to support an 'energy dominance agenda'.",0.2551192045211792,1.0077651593642978,0.0,-0.1939217448234558,-0.028538405895233154,25,11,0,36,24,12,0,36,65,0.10317460317460317,1,0,3.611111111111111,1,7,65,0,0.12076719576719576,0.11162790697674418,2.806349206349206,6,-0.15076071922545053,-0.008165680473372738,0.015384615384615385,0.053127917833800185,0.14760658598022225,
20260317_131451,er,personas,semantic,on,11,0,"H.R.6938 - Appropriations Act, 2026. This bill cuts the EPA's budget by 4%, restricts the EPA from enforcing the 2015 Ozone Air Quality Standards, and expedites offshore oil and gas production to support an 'energy dominance agenda'.",0.4474681615829468,1.01434742437053,0.0,0.0,,19,18,0,37,20,16,0,37,74,0.1111111111111111,1,0,4.0,1,9,74,0,0.1468682968682969,0.13448275862068965,2.6486486486486487,6,-0.05613395800798252,0.012052593133674183,0.013513513513513514,0.0471042471042471,0.14281377234470935,9
20260317_131451,er,personas,semantic,on,11,1,"H.R.6938 - Appropriations Act, 2026. This bill cuts the EPA's budget by 4%, restricts the EPA from enforcing the 2015 Ozone Air Quality Standards, and expedites offshore oil and gas production to support an 'energy dominance agenda'.",0.3890027105808258,0.9929354432762191,0.0,-0.05846545100212097,-0.05846545100212097,20,17,0,37,,,,37,74,0.1111111111111111,1,0,4.0,1,9,74,0,0.1468682968682969,0.13448275862068965,2.6486486486486487,6,-0.05613395800798252,0.012052593133674183,0.013513513513513514,0.0471042471042471,0.14281377234470935,9
20260317_131451,er,personas,semantic,on,11,2,"H.R.6938 - Appropriations Act, 2026. This bill cuts the EPA's budget by 4%, restricts the EPA from enforcing the 2015 Ozone Air Quality Standards, and expedites offshore oil and gas production to support an 'energy dominance agenda'.",0.3728877604007721,0.9867486194266867,0.0,-0.07458040118217468,-0.01611495018005371,22,15,0,37,,,,37,74,0.1111111111111111,1,0,4.0,1,9,74,0,0.1468682968682969,0.13448275862068965,2.6486486486486487,6,-0.05613395800798252,0.012052593133674183,0.013513513513513514,0.0471042471042471,0.14281377234470935,9
20260317_131451,er,personas,semantic,on,11,3,"H.R.6938 - Appropriations Act, 2026. This bill cuts the EPA's budget by 4%, restricts the EPA from enforcing the 2015 Ozone Air Quality Standards, and expedites offshore oil and gas production to support an 'energy dominance agenda'.",0.3632243275642395,0.998937463541171,0.0,-0.08424383401870728,-0.009663432836532593,23,14,0,37,,,,37,74,0.1111111111111111,1,0,4.0,1,9,74,0,0.1468682968682969,0.13448275862068965,2.6486486486486487,6,-0.05613395800798252,0.012052593133674183,0.013513513513513514,0.0471042471042471,0.14281377234470935,9
20260317_131451,er,personas,semantic,on,11,4,"H.R.6938 - Appropriations Act, 2026. This bill cuts the EPA's budget by 4%, restricts the EPA from enforcing the 2015 Ozone Air Quality Standards, and expedites offshore oil and gas production to support an 'energy dominance agenda'.",0.3574830889701843,0.9934620958428935,0.0,-0.08998507261276245,-0.005741238594055176,23,14,0,37,,,,37,74,0.1111111111111111,1,0,4.0,1,9,74,0,0.1468682968682969,0.13448275862068965,2.6486486486486487,6,-0.05613395800798252,0.012052593133674183,0.013513513513513514,0.0471042471042471,0.14281377234470935,9
20260317_131451,er,personas,semantic,on,11,5,"H.R.6938 - Appropriations Act, 2026. This bill cuts the EPA's budget by 4%, restricts the EPA from enforcing the 2015 Ozone Air Quality Standards, and expedites offshore oil and gas production to support an 'energy dominance agenda'.",0.3374369442462921,1.000892941674027,0.0,-0.11003121733665466,-0.020046144723892212,31,6,0,37,,,,37,74,0.1111111111111111,1,0,4.0,1,9,74,0,0.1468682968682969,0.13448275862068965,2.6486486486486487,6,-0.05613395800798252,0.012052593133674183,0.013513513513513514,0.0471042471042471,0.14281377234470935,9
20260317_131451,er,personas,semantic,on,11,6,"H.R.6938 - Appropriations Act, 2026. This bill cuts the EPA's budget by 4%, restricts the EPA from enforcing the 2015 Ozone Air Quality Standards, and expedites offshore oil and gas production to support an 'energy dominance agenda'.",0.33052313327789307,1.0119071346477733,0.0,-0.11694502830505371,-0.006913810968399048,28,9,0,37,,,,37,74,0.1111111111111111,1,0,4.0,1,9,74,0,0.1468682968682969,0.13448275862068965,2.6486486486486487,6,-0.05613395800798252,0.012052593133674183,0.013513513513513514,0.0471042471042471,0.14281377234470935,9
20260317_131451,er,personas,semantic,on,11,7,"H.R.6938 - Appropriations Act, 2026. This bill cuts the EPA's budget by 4%, restricts the EPA from enforcing the 2015 Ozone Air Quality Standards, and expedites offshore oil and gas production to support an 'energy dominance agenda'.",0.3098156452178955,0.9832811229749767,0.0,-0.13765251636505127,-0.02070748805999756,32,5,0,37,,,,37,74,0.1111111111111111,1,0,4.0,1,9,74,0,0.1468682968682969,0.13448275862068965,2.6486486486486487,6,-0.05613395800798252,0.012052593133674183,0.013513513513513514,0.0471042471042471,0.14281377234470935,9
20260317_131451,er,personas,semantic,on,11,8,"H.R.6938 - Appropriations Act, 2026. This bill cuts the EPA's budget by 4%, restricts the EPA from enforcing the 2015 Ozone Air Quality Standards, and expedites offshore oil and gas production to support an 'energy dominance agenda'.",0.29882240295410156,0.9850081962082817,0.0,-0.14864575862884521,-0.010993242263793945,33,4,0,37,,,,37,74,0.1111111111111111,1,0,4.0,1,9,74,0,0.1468682968682969,0.13448275862068965,2.6486486486486487,6,-0.05613395800798252,0.012052593133674183,0.013513513513513514,0.0471042471042471,0.14281377234470935,9
20260317_131451,er,personas,semantic,on,11,9,"H.R.6938 - Appropriations Act, 2026. This bill cuts the EPA's budget by 4%, restricts the EPA from enforcing the 2015 Ozone Air Quality Standards, and expedites offshore oil and gas production to support an 'energy dominance agenda'.",0.2758059501647949,0.9903485038299188,0.0,-0.17166221141815186,-0.02301645278930664,32,5,0,37,,,,37,74,0.1111111111111111,1,0,4.0,1,9,74,0,0.1468682968682969,0.13448275862068965,2.6486486486486487,6,-0.05613395800798252,0.012052593133674183,0.013513513513513514,0.0471042471042471,0.14281377234470935,9
20260317_131451,er,personas,semantic,on,11,10,"H.R.6938 - Appropriations Act, 2026. This bill cuts the EPA's budget by 4%, restricts the EPA from enforcing the 2015 Ozone Air Quality Standards, and expedites offshore oil and gas production to support an 'energy dominance agenda'.",0.26780223846435547,0.9879989310277152,0.0,-0.1796659231185913,-0.008003711700439453,33,4,0,37,18,18,0,37,74,0.1111111111111111,1,0,4.0,1,9,74,0,0.1468682968682969,0.13448275862068965,2.6486486486486487,6,-0.05613395800798252,0.012052593133674183,0.013513513513513514,0.0471042471042471,0.14281377234470935,9
20260317_131451,er,senate,degroot,off,11,0,"H.R.6938 - Appropriations Act, 2026. This bill cuts the EPA's budget by 4%, restricts the EPA from enforcing the 2015 Ozone Air Quality Standards, and expedites offshore oil and gas production to support an 'energy dominance agenda'.",0.08762400000000004,,,0.0,,,,,,,,,100,517,0.10444444444444445,1,0,10.34,3,18,517,0,0.11724235241882301,0.11801596351197263,2.2111111111111112,4,-0.0029395260083259897,-0.005046971629958612,0.0,0.012358276643990928,0.09525093982499701,
20260317_131451,er,senate,degroot,off,11,1,"H.R.6938 - Appropriations Act, 2026. This bill cuts the EPA's budget by 4%, restricts the EPA from enforcing the 2015 Ozone Air Quality Standards, and expedites offshore oil and gas production to support an 'energy dominance agenda'.",0.007675138266619653,,,-0.07994886173338038,-0.07994886173338038,,,,,,,,100,517,0.10444444444444445,1,0,10.34,3,18,517,0,0.11724235241882301,0.11801596351197263,2.2111111111111112,4,-0.0029395260083259897,-0.005046971629958612,0.0,0.012358276643990928,0.09525093982499701,
20260317_131451,er,senate,degroot,off,11,2,"H.R.6938 - Appropriations Act, 2026. This bill cuts the EPA's budget by 4%, restricts the EPA from enforcing the 2015 Ozone Air Quality Standards, and expedites offshore oil and gas production to support an 'energy dominance agenda'.",0.0012166065051824042,,,-0.08640739349481763,-0.006458531761437249,,,,,,,,100,517,0.10444444444444445,1,0,10.34,3,18,517,0,0.11724235241882301,0.11801596351197263,2.2111111111111112,4,-0.0029395260083259897,-0.005046971629958612,0.0,0.012358276643990928,0.09525093982499701,
20260317_131451,er,senate,degroot,off,11,3,"H.R.6938 - Appropriations Act, 2026. This bill cuts the EPA's budget by 4%, restricts the EPA from enforcing the 2015 Ozone Air Quality Standards, and expedites offshore oil and gas production to support an 'energy dominance agenda'.",0.0002931616820870326,,,-0.08733083831791301,-0.0009234448230953716,,,,,,,,100,517,0.10444444444444445,1,0,10.34,3,18,517,0,0.11724235241882301,0.11801596351197263,2.2111111111111112,4,-0.0029395260083259897,-0.005046971629958612,0.0,0.012358276643990928,0.09525093982499701,
20260317_131451,er,senate,degroot,off,11,4,"H.R.6938 - Appropriations Act, 2026. This bill cuts the EPA's budget by 4%, restricts the EPA from enforcing the 2015 Ozone Air Quality Standards, and expedites offshore oil and gas production to support an 'energy dominance agenda'.",7.651672061670094e-05,,,-0.08754748327938333,-0.00021664496147033165,,,,,,,,100,517,0.10444444444444445,1,0,10.34,3,18,517,0,0.11724235241882301,0.11801596351197263,2.2111111111111112,4,-0.0029395260083259897,-0.005046971629958612,0.0,0.012358276643990928,0.09525093982499701,
20260317_131451,er,senate,degroot,off,11,5,"H.R.6938 - Appropriations Act, 2026. This bill cuts the EPA's budget by 4%, restricts the EPA from enforcing the 2015 Ozone Air Quality Standards, and expedites offshore oil and gas production to support an 'energy dominance agenda'.",2.3183931871333562e-05,,,-0.0876008160681287,-5.3332788745367376e-05,,,,,,,,100,517,0.10444444444444445,1,0,10.34,3,18,517,0,0.11724235241882301,0.11801596351197263,2.2111111111111112,4,-0.0029395260083259897,-0.005046971629958612,0.0,0.012358276643990928,0.09525093982499701,
20260317_131451,er,senate,degroot,off,11,6,"H.R.6938 - Appropriations Act, 2026. This bill cuts the EPA's budget by 4%, restricts the EPA from enforcing the 2015 Ozone Air Quality Standards, and expedites offshore oil and gas production to support an 'energy dominance agenda'.",7.4070184241055e-06,,,-0.08761659298157592,-1.577691344722806e-05,,,,,,,,100,517,0.10444444444444445,1,0,10.34,3,18,517,0,0.11724235241882301,0.11801596351197263,2.2111111111111112,4,-0.0029395260083259897,-0.005046971629958612,0.0,0.012358276643990928,0.09525093982499701,
20260317_131451,er,senate,degroot,off,11,7,"H.R.6938 - Appropriations Act, 2026. This bill cuts the EPA's budget by 4%, restricts the EPA from enforcing the 2015 Ozone Air Quality Standards, and expedites offshore oil and gas production to support an 'energy dominance agenda'.",2.516655632523138e-06,,,-0.0876214833443675,-4.8903627915823614e-06,,,,,,,,100,517,0.10444444444444445,1,0,10.34,3,18,517,0,0.11724235241882301,0.11801596351197263,2.2111111111111112,4,-0.0029395260083259897,-0.005046971629958612,0.0,0.012358276643990928,0.09525093982499701,
20260317_131451,er,senate,degroot,off,11,8,"H.R.6938 - Appropriations Act, 2026. This bill cuts the EPA's budget by 4%, restricts the EPA from enforcing the 2015 Ozone Air Quality Standards, and expedites offshore oil and gas production to support an 'energy dominance agenda'.",8.84385020254922e-07,,,-0.08762311561497978,-1.632270612268216e-06,,,,,,,,100,517,0.10444444444444445,1,0,10.34,3,18,517,0,0.11724235241882301,0.11801596351197263,2.2111111111111112,4,-0.0029395260083259897,-0.005046971629958612,0.0,0.012358276643990928,0.09525093982499701,
20260317_131451,er,senate,degroot,off,11,9,"H.R.6938 - Appropriations Act, 2026. This bill cuts the EPA's budget by 4%, restricts the EPA from enforcing the 2015 Ozone Air Quality Standards, and expedites offshore oil and gas production to support an 'energy dominance agenda'.",3.195015019388101e-07,,,-0.0876236804984981,-5.648835183161119e-07,,,,,,,,100,517,0.10444444444444445,1,0,10.34,3,18,517,0,0.11724235241882301,0.11801596351197263,2.2111111111111112,4,-0.0029395260083259897,-0.005046971629958612,0.0,0.012358276643990928,0.09525093982499701,
20260317_131451,er,senate,degroot,off,11,10,"H.R.6938 - Appropriations Act, 2026. This bill cuts the EPA's budget by 4%, restricts the EPA from enforcing the 2015 Ozone Air Quality Standards, and expedites offshore oil and gas production to support an 'energy dominance agenda'.",1.1756561723366387e-07,,,-0.08762388243438281,-2.019358847051462e-07,,,,,,,,100,517,0.10444444444444445,1,0,10.34,3,18,517,0,0.11724235241882301,0.11801596351197263,2.2111111111111112,4,-0.0029395260083259897,-0.005046971629958612,0.0,0.012358276643990928,0.09525093982499701,
20260317_131451,er,senate,semantic,off,11,0,"H.R.6938 - Appropriations Act, 2026. This bill cuts the EPA's budget by 4%, restricts the EPA from enforcing the 2015 Ozone Air Quality Standards, and expedites offshore oil and gas production to support an 'energy dominance agenda'.",0.5223401784896851,1.056469594511503,1.7881393032936899e-09,0.0,,45,53,2,100,59,41,0,100,517,0.10444444444444445,1,0,10.34,3,18,517,0,0.11724235241882301,0.11801596351197263,2.2111111111111112,4,-0.0029395260083259897,-0.005046971629958612,0.0,0.012358276643990928,0.09525093982499701,
20260317_131451,er,senate,semantic,off,11,1,"H.R.6938 - Appropriations Act, 2026. This bill cuts the EPA's budget by 4%, restricts the EPA from enforcing the 2015 Ozone Air Quality Standards, and expedites offshore oil and gas production to support an 'energy dominance agenda'.",0.3954833149909973,1.012297975594369,1.7881393032936899e-09,-0.12685686349868774,-0.12685686349868774,46,50,4,100,,,,100,517,0.10444444444444445,1,0,10.34,3,18,517,0,0.11724235241882301,0.11801596351197263,2.2111111111111112,4,-0.0029395260083259897,-0.005046971629958612,0.0,0.012358276643990928,0.09525093982499701,
20260317_131451,er,senate,semantic,off,11,2,"H.R.6938 - Appropriations Act, 2026. This bill cuts the EPA's budget by 4%, restricts the EPA from enforcing the 2015 Ozone Air Quality Standards, and expedites offshore oil and gas production to support an 'energy dominance agenda'.",0.35743770003318787,1.0220748895754295,1.7881393032936899e-09,-0.1649024784564972,-0.03804561495780945,49,48,3,100,,,,100,517,0.10444444444444445,1,0,10.34,3,18,517,0,0.11724235241882301,0.11801596351197263,2.2111111111111112,4,-0.0029395260083259897,-0.005046971629958612,0.0,0.012358276643990928,0.09525093982499701,
20260317_131451,er,senate,semantic,off,11,3,"H.R.6938 - Appropriations Act, 2026. This bill cuts the EPA's budget by 4%, restricts the EPA from enforcing the 2015 Ozone Air Quality Standards, and expedites offshore oil and gas production to support an 'energy dominance agenda'.",0.3223554193973541,1.0110040326384973,1.7881393032936899e-09,-0.19998475909233093,-0.03508228063583374,51,49,0,100,,,,100,517,0.10444444444444445,1,0,10.34,3,18,517,0,0.11724235241882301,0.11801596351197263,2.2111111111111112,4,-0.0029395260083259897,-0.005046971629958612,0.0,0.012358276643990928,0.09525093982499701,
20260317_131451,er,senate,semantic,off,11,4,"H.R.6938 - Appropriations Act, 2026. This bill cuts the EPA's budget by 4%, restricts the EPA from enforcing the 2015 Ozone Air Quality Standards, and expedites offshore oil and gas production to support an 'energy dominance agenda'.",0.3022778630256653,1.0022848547236345,1.7881393032936899e-09,-0.22006231546401978,-0.020077556371688843,48,51,1,100,,,,100,517,0.10444444444444445,1,0,10.34,3,18,517,0,0.11724235241882301,0.11801596351197263,2.2111111111111112,4,-0.0029395260083259897,-0.005046971629958612,0.0,0.012358276643990928,0.09525093982499701,
20260317_131451,er,senate,semantic,off,11,5,"H.R.6938 - Appropriations Act, 2026. This bill cuts the EPA's budget by 4%, restricts the EPA from enforcing the 2015 Ozone Air Quality Standards, and expedites offshore oil and gas production to support an 'energy dominance agenda'.",0.2944018244743347,1.014194198257165,1.7881393032936899e-09,-0.22793835401535034,-0.007876038551330566,38,60,2,100,,,,100,517,0.10444444444444445,1,0,10.34,3,18,517,0,0.11724235241882301,0.11801596351197263,2.2111111111111112,4,-0.0029395260083259897,-0.005046971629958612,0.0,0.012358276643990928,0.09525093982499701,
20260317_131451,er,senate,semantic,off,11,6,"H.R.6938 - Appropriations Act, 2026. This bill cuts the EPA's budget by 4%, restricts the EPA from enforcing the 2015 Ozone Air Quality Standards, and expedites offshore oil and gas production to support an 'energy dominance agenda'.",0.281177282333374,1.0087814290347341,1.7881393032936899e-09,-0.24116289615631104,-0.013224542140960693,41,57,2,100,,,,100,517,0.10444444444444445,1,0,10.34,3,18,517,0,0.11724235241882301,0.11801596351197263,2.2111111111111112,4,-0.0029395260083259897,-0.005046971629958612,0.0,0.012358276643990928,0.09525093982499701,
20260317_131451,er,senate,semantic,off,11,7,"H.R.6938 - Appropriations Act, 2026. This bill cuts the EPA's budget by 4%, restricts the EPA from enforcing the 2015 Ozone Air Quality Standards, and expedites offshore oil and gas production to support an 'energy dominance agenda'.",0.2718295753002167,1.0074631349949699,1.7881393032936899e-09,-0.2505106031894684,-0.009347707033157349,34,63,3,100,,,,100,517,0.10444444444444445,1,0,10.34,3,18,517,0,0.11724235241882301,0.11801596351197263,2.2111111111111112,4,-0.0029395260083259897,-0.005046971629958612,0.0,0.012358276643990928,0.09525093982499701,
20260317_131451,er,senate,semantic,off,11,8,"H.R.6938 - Appropriations Act, 2026. This bill cuts the EPA's budget by 4%, restricts the EPA from enforcing the 2015 Ozone Air Quality Standards, and expedites offshore oil and gas production to support an 'energy dominance agenda'.",0.2598991394042969,1.0094415663100564,1.7881393032936899e-09,-0.2624410390853882,-0.0119304358959198,39,61,0,100,,,,100,517,0.10444444444444445,1,0,10.34,3,18,517,0,0.11724235241882301,0.11801596351197263,2.2111111111111112,4,-0.0029395260083259897,-0.005046971629958612,0.0,0.012358276643990928,0.09525093982499701,
20260317_131451,er,senate,semantic,off,11,9,"H.R.6938 - Appropriations Act, 2026. This bill cuts the EPA's budget by 4%, restricts the EPA from enforcing the 2015 Ozone Air Quality Standards, and expedites offshore oil and gas production to support an 'energy dominance agenda'.",0.2659960091114044,0.9986389749223845,1.7881393032936899e-09,-0.25634416937828064,0.006096869707107544,36,63,1,100,,,,100,517,0.10444444444444445,1,0,10.34,3,18,517,0,0.11724235241882301,0.11801596351197263,2.2111111111111112,4,-0.0029395260083259897,-0.005046971629958612,0.0,0.012358276643990928,0.09525093982499701,
20260317_131451,er,senate,semantic,off,11,10,"H.R.6938 - Appropriations Act, 2026. This bill cuts the EPA's budget by 4%, restricts the EPA from enforcing the 2015 Ozone Air Quality Standards, and expedites offshore oil and gas production to support an 'energy dominance agenda'.",0.2609104812145233,0.9977433875426127,1.7881393032936899e-09,-0.26142969727516174,-0.0050855278968811035,31,68,1,100,50,50,0,100,517,0.10444444444444445,1,0,10.34,3,18,517,0,0.11724235241882301,0.11801596351197263,2.2111111111111112,4,-0.0029395260083259897,-0.005046971629958612,0.0,0.012358276643990928,0.09525093982499701,
20260317_131451,er,senate,semantic,on,11,0,"H.R.6938 - Appropriations Act, 2026. This bill cuts the EPA's budget by 4%, restricts the EPA from enforcing the 2015 Ozone Air Quality Standards, and expedites offshore oil and gas production to support an 'energy dominance agenda'.",0.5226882100105286,1.056469594511503,1.7881393032936899e-09,0.0,,46,53,2,101,61,39,0,101,544,0.10772277227722772,1,0,10.772277227722773,3,27,544,0,0.12656012153682508,0.12620865139949108,2.1825742574257427,4,-0.009475838927300466,-0.011358874891868521,0.0,0.011945194519451948,0.09370272584661746,27
20260317_131451,er,senate,semantic,on,11,1,"H.R.6938 - Appropriations Act, 2026. This bill cuts the EPA's budget by 4%, restricts the EPA from enforcing the 2015 Ozone Air Quality Standards, and expedites offshore oil and gas production to support an 'energy dominance agenda'.",0.4128798544406891,1.0210323773926386,1.7881393032936899e-09,-0.10980835556983948,-0.10980835556983948,52,46,3,101,,,,101,544,0.10772277227722772,1,0,10.772277227722773,3,27,544,0,0.12656012153682508,0.12620865139949108,2.1825742574257427,4,-0.009475838927300466,-0.011358874891868521,0.0,0.011945194519451948,0.09370272584661746,27
20260317_131451,er,senate,semantic,on,11,2,"H.R.6938 - Appropriations Act, 2026. This bill cuts the EPA's budget by 4%, restricts the EPA from enforcing the 2015 Ozone Air Quality Standards, and expedites offshore oil and gas production to support an 'energy dominance agenda'.",0.35083067417144775,1.017061643439354,1.7881393032936899e-09,-0.1718575358390808,-0.06204918026924133,52,46,3,101,,,,101,544,0.10772277227722772,1,0,10.772277227722773,3,27,544,0,0.12656012153682508,0.12620865139949108,2.1825742574257427,4,-0.009475838927300466,-0.011358874891868521,0.0,0.011945194519451948,0.09370272584661746,27
20260317_131451,er,senate,semantic,on,11,3,"H.R.6938 - Appropriations Act, 2026. This bill cuts the EPA's budget by 4%, restricts the EPA from enforcing the 2015 Ozone Air Quality Standards, and expedites offshore oil and gas production to support an 'energy dominance agenda'.",0.3184635043144226,1.0236037679350394,1.7881393032936899e-09,-0.20422470569610596,-0.032367169857025146,48,51,2,101,,,,101,544,0.10772277227722772,1,0,10.772277227722773,3,27,544,0,0.12656012153682508,0.12620865139949108,2.1825742574257427,4,-0.009475838927300466,-0.011358874891868521,0.0,0.011945194519451948,0.09370272584661746,27
20260317_131451,er,senate,semantic,on,11,4,"H.R.6938 - Appropriations Act, 2026. This bill cuts the EPA's budget by 4%, restricts the EPA from enforcing the 2015 Ozone Air Quality Standards, and expedites offshore oil and gas production to support an 'energy dominance agenda'.",0.30906176567077637,1.0223223211776427,1.7881393032936899e-09,-0.2136264443397522,-0.00940173864364624,45,54,2,101,,,,101,544,0.10772277227722772,1,0,10.772277227722773,3,27,544,0,0.12656012153682508,0.12620865139949108,2.1825742574257427,4,-0.009475838927300466,-0.011358874891868521,0.0,0.011945194519451948,0.09370272584661746,27
20260317_131451,er,senate,semantic,on,11,5,"H.R.6938 - Appropriations Act, 2026. This bill cuts the EPA's budget by 4%, restricts the EPA from enforcing the 2015 Ozone Air Quality Standards, and expedites offshore oil and gas production to support an 'energy dominance agenda'.",0.28841719031333923,1.015978464730443,1.7881393032936899e-09,-0.23427101969718933,-0.020644575357437134,44,55,2,101,,,,101,544,0.10772277227722772,1,0,10.772277227722773,3,27,544,0,0.12656012153682508,0.12620865139949108,2.1825742574257427,4,-0.009475838927300466,-0.011358874891868521,0.0,0.011945194519451948,0.09370272584661746,27
20260317_131451,er,senate,semantic,on,11,6,"H.R.6938 - Appropriations Act, 2026. This bill cuts the EPA's budget by 4%, restricts the EPA from enforcing the 2015 Ozone Air Quality Standards, and expedites offshore oil and gas production to support an 'energy dominance agenda'.",0.27660098671913147,1.0132736510016556,1.7881393032936899e-09,-0.2460872232913971,-0.011816203594207764,36,60,5,101,,,,101,544,0.10772277227722772,1,0,10.772277227722773,3,27,544,0,0.12656012153682508,0.12620865139949108,2.1825742574257427,4,-0.009475838927300466,-0.011358874891868521,0.0,0.011945194519451948,0.09370272584661746,27
20260317_131451,er,senate,semantic,on,11,7,"H.R.6938 - Appropriations Act, 2026. This bill cuts the EPA's budget by 4%, restricts the EPA from enforcing the 2015 Ozone Air Quality Standards, and expedites offshore oil and gas production to support an 'energy dominance agenda'.",0.2650231719017029,1.0129784716264185,1.7881393032936899e-09,-0.2576650381088257,-0.011577814817428589,34,65,2,101,,,,101,544,0.10772277227722772,1,0,10.772277227722773,3,27,544,0,0.12656012153682508,0.12620865139949108,2.1825742574257427,4,-0.009475838927300466,-0.011358874891868521,0.0,0.011945194519451948,0.09370272584661746,27
20260317_131451,er,senate,semantic,on,11,8,"H.R.6938 - Appropriations Act, 2026. This bill cuts the EPA's budget by 4%, restricts the EPA from enforcing the 2015 Ozone Air Quality Standards, and expedites offshore oil and gas production to support an 'energy dominance agenda'.",0.25988298654556274,1.0164233040140918,1.7881393032936899e-09,-0.2628052234649658,-0.005140185356140137,30,71,0,101,,,,101,544,0.10772277227722772,1,0,10.772277227722773,3,27,544,0,0.12656012153682508,0.12620865139949108,2.1825742574257427,4,-0.009475838927300466,-0.011358874891868521,0.0,0.011945194519451948,0.09370272584661746,27
20260317_131451,er,senate,semantic,on,11,9,"H.R.6938 - Appropriations Act, 2026. This bill cuts the EPA's budget by 4%, restricts the EPA from enforcing the 2015 Ozone Air Quality Standards, and expedites offshore oil and gas production to support an 'energy dominance agenda'.",0.23609204590320587,1.002738453723479,1.7881393032936899e-09,-0.2865961641073227,-0.023790940642356873,27,72,2,101,,,,101,544,0.10772277227722772,1,0,10.772277227722773,3,27,544,0,0.12656012153682508,0.12620865139949108,2.1825742574257427,4,-0.009475838927300466,-0.011358874891868521,0.0,0.011945194519451948,0.09370272584661746,27
20260317_131451,er,senate,semantic,on,11,10,"H.R.6938 - Appropriations Act, 2026. This bill cuts the EPA's budget by 4%, restricts the EPA from enforcing the 2015 Ozone Air Quality Standards, and expedites offshore oil and gas production to support an 'energy dominance agenda'.",0.2340950220823288,0.9912207117393727,1.7881393032936899e-09,-0.28859318792819977,-0.001997023820877075,34,67,0,101,49,51,0,101,544,0.10772277227722772,1,0,10.772277227722773,3,27,544,0,0.12656012153682508,0.12620865139949108,2.1825742574257427,4,-0.009475838927300466,-0.011358874891868521,0.0,0.011945194519451948,0.09370272584661746,27
20260317_131451,rgglr,personas,degroot,off,11,0,"H.R.6938 - Appropriations Act, 2026. This bill cuts the EPA's budget by 4%, restricts the EPA from enforcing the 2015 Ozone Air Quality Standards, and expedites offshore oil and gas production to support an 'energy dominance agenda'.",0.09000000000000001,,,0.0,,,,,,,,,36,121,0.19206349206349208,1,0,6.722222222222222,3,12,101,20,0.5966329966329966,0.6022304832713755,2.4126984126984126,5,0.4380804953560356,0.4083737769276604,0.0,0.04154995331465919,0.12230858016862244,
20260317_131451,rgglr,personas,degroot,off,11,1,"H.R.6938 - Appropriations Act, 2026. This bill cuts the EPA's budget by 4%, restricts the EPA from enforcing the 2015 Ozone Air Quality Standards, and expedites offshore oil and gas production to support an 'energy dominance agenda'.",0.06208157194259843,,,-0.02791842805740158,-0.02791842805740158,,,,,,,,36,121,0.19206349206349208,1,0,6.722222222222222,3,12,101,20,0.5966329966329966,0.6022304832713755,2.4126984126984126,5,0.4380804953560356,0.4083737769276604,0.0,0.04154995331465919,0.12230858016862244,
20260317_131451,rgglr,personas,degroot,off,11,2,"H.R.6938 - Appropriations Act, 2026. This bill cuts the EPA's budget by 4%, restricts the EPA from enforcing the 2015 Ozone Air Quality Standards, and expedites offshore oil and gas production to support an 'energy dominance agenda'.",0.04381142831634522,,,-0.04618857168365479,-0.01827014362625321,,,,,,,,36,121,0.19206349206349208,1,0,6.722222222222222,3,12,101,20,0.5966329966329966,0.6022304832713755,2.4126984126984126,5,0.4380804953560356,0.4083737769276604,0.0,0.04154995331465919,0.12230858016862244,
20260317_131451,rgglr,personas,degroot,off,11,3,"H.R.6938 - Appropriations Act, 2026. This bill cuts the EPA's budget by 4%, restricts the EPA from enforcing the 2015 Ozone Air Quality Standards, and expedites offshore oil and gas production to support an 'energy dominance agenda'.",0.0315556841164142,,,-0.05844431588358581,-0.012255744199931022,,,,,,,,36,121,0.19206349206349208,1,0,6.722222222222222,3,12,101,20,0.5966329966329966,0.6022304832713755,2.4126984126984126,5,0.4380804953560356,0.4083737769276604,0.0,0.04154995331465919,0.12230858016862244,
20260317_131451,rgglr,personas,degroot,off,11,4,"H.R.6938 - Appropriations Act, 2026. This bill cuts the EPA's budget by 4%, restricts the EPA from enforcing the 2015 Ozone Air Quality Standards, and expedites offshore oil and gas production to support an 'energy dominance agenda'.",0.022960854328945193,,,-0.06703914567105482,-0.008594829787469005,,,,,,,,36,121,0.19206349206349208,1,0,6.722222222222222,3,12,101,20,0.5966329966329966,0.6022304832713755,2.4126984126984126,5,0.4380804953560356,0.4083737769276604,0.0,0.04154995331465919,0.12230858016862244,
20260317_131451,rgglr,personas,degroot,off,11,5,"H.R.6938 - Appropriations Act, 2026. This bill cuts the EPA's budget by 4%, restricts the EPA from enforcing the 2015 Ozone Air Quality Standards, and expedites offshore oil and gas production to support an 'energy dominance agenda'.",0.016884524391562142,,,-0.07311547560843787,-0.0060763299373830515,,,,,,,,36,121,0.19206349206349208,1,0,6.722222222222222,3,12,101,20,0.5966329966329966,0.6022304832713755,2.4126984126984126,5,0.4380804953560356,0.4083737769276604,0.0,0.04154995331465919,0.12230858016862244,
20260317_131451,rgglr,personas,degroot,off,11,6,"H.R.6938 - Appropriations Act, 2026. This bill cuts the EPA's budget by 4%, restricts the EPA from enforcing the 2015 Ozone Air Quality Standards, and expedites offshore oil and gas production to support an 'energy dominance agenda'.",0.012533923045298934,,,-0.07746607695470108,-0.004350601346263208,,,,,,,,36,121,0.19206349206349208,1,0,6.722222222222222,3,12,101,20,0.5966329966329966,0.6022304832713755,2.4126984126984126,5,0.4380804953560356,0.4083737769276604,0.0,0.04154995331465919,0.12230858016862244,
20260317_131451,rgglr,personas,degroot,off,11,7,"H.R.6938 - Appropriations Act, 2026. This bill cuts the EPA's budget by 4%, restricts the EPA from enforcing the 2015 Ozone Air Quality Standards, and expedites offshore oil and gas production to support an 'energy dominance agenda'.",0.009388626444630328,,,-0.08061137355536968,-0.0031452966006686057,,,,,,,,36,121,0.19206349206349208,1,0,6.722222222222222,3,12,101,20,0.5966329966329966,0.6022304832713755,2.4126984126984126,5,0.4380804953560356,0.4083737769276604,0.0,0.04154995331465919,0.12230858016862244,
20260317_131451,rgglr,personas,degroot,off,11,8,"H.R.6938 - Appropriations Act, 2026. This bill cuts the EPA's budget by 4%, restricts the EPA from enforcing the 2015 Ozone Air Quality Standards, and expedites offshore oil and gas production to support an 'energy dominance agenda'.",0.007093434296972629,,,-0.08290656570302739,-0.002295192147657699,,,,,,,,36,121,0.19206349206349208,1,0,6.722222222222222,3,12,101,20,0.5966329966329966,0.6022304832713755,2.4126984126984126,5,0.4380804953560356,0.4083737769276604,0.0,0.04154995331465919,0.12230858016862244,
20260317_131451,rgglr,personas,degroot,off,11,9,"H.R.6938 - Appropriations Act, 2026. This bill cuts the EPA's budget by 4%, restricts the EPA from enforcing the 2015 Ozone Air Quality Standards, and expedites offshore oil and gas production to support an 'energy dominance agenda'.",0.005404008534682498,,,-0.08459599146531752,-0.0016894257622901308,,,,,,,,36,121,0.19206349206349208,1,0,6.722222222222222,3,12,101,20,0.5966329966329966,0.6022304832713755,2.4126984126984126,5,0.4380804953560356,0.4083737769276604,0.0,0.04154995331465919,0.12230858016862244,
20260317_131451,rgglr,personas,degroot,off,11,10,"H.R.6938 - Appropriations Act, 2026. This bill cuts the EPA's budget by 4%, restricts the EPA from enforcing the 2015 Ozone Air Quality Standards, and expedites offshore oil and gas production to support an 'energy dominance agenda'.",0.004150072861914687,,,-0.08584992713808533,-0.0012539356727678114,,,,,,,,36,121,0.19206349206349208,1,0,6.722222222222222,3,12,101,20,0.5966329966329966,0.6022304832713755,2.4126984126984126,5,0.4380804953560356,0.4083737769276604,0.0,0.04154995331465919,0.12230858016862244,
20260317_131451,rgglr,personas,semantic,off,11,0,"H.R.6938 - Appropriations Act, 2026. This bill cuts the EPA's budget by 4%, restricts the EPA from enforcing the 2015 Ozone Air Quality Standards, and expedites offshore oil and gas production to support an 'energy dominance agenda'.",0.449040949344635,1.01434742437053,0.0,0.0,,18,18,0,36,17,19,0,36,121,0.19206349206349208,1,0,6.722222222222222,3,12,101,20,0.5966329966329966,0.6022304832713755,2.4126984126984126,5,0.4380804953560356,0.4083737769276604,0.0,0.04154995331465919,0.12230858016862244,
20260317_131451,rgglr,personas,semantic,off,11,1,"H.R.6938 - Appropriations Act, 2026. This bill cuts the EPA's budget by 4%, restricts the EPA from enforcing the 2015 Ozone Air Quality Standards, and expedites offshore oil and gas production to support an 'energy dominance agenda'.",0.3761852979660034,1.0270208191756607,0.0,-0.07285565137863159,-0.07285565137863159,19,17,0,36,,,,36,121,0.19206349206349208,1,0,6.722222222222222,3,12,101,20,0.5966329966329966,0.6022304832713755,2.4126984126984126,5,0.4380804953560356,0.4083737769276604,0.0,0.04154995331465919,0.12230858016862244,
20260317_131451,rgglr,personas,semantic,off,11,2,"H.R.6938 - Appropriations Act, 2026. This bill cuts the EPA's budget by 4%, restricts the EPA from enforcing the 2015 Ozone Air Quality Standards, and expedites offshore oil and gas production to support an 'energy dominance agenda'.",0.35421764850616455,1.034660643545572,0.0,-0.09482330083847046,-0.021967649459838867,18,18,0,36,,,,36,121,0.19206349206349208,1,0,6.722222222222222,3,12,101,20,0.5966329966329966,0.6022304832713755,2.4126984126984126,5,0.4380804953560356,0.4083737769276604,0.0,0.04154995331465919,0.12230858016862244,
20260317_131451,rgglr,personas,semantic,off,11,3,"H.R.6938 - Appropriations Act, 2026. This bill cuts the EPA's budget by 4%, restricts the EPA from enforcing the 2015 Ozone Air Quality Standards, and expedites offshore oil and gas production to support an 'energy dominance agenda'.",0.2969259023666382,1.084295248318891,0.0,-0.15211504697799683,-0.05729174613952637,18,18,0,36,,,,36,121,0.19206349206349208,1,0,6.722222222222222,3,12,101,20,0.5966329966329966,0.6022304832713755,2.4126984126984126,5,0.4380804953560356,0.4083737769276604,0.0,0.04154995331465919,0.12230858016862244,
20260317_131451,rgglr,personas,semantic,off,11,4,"H.R.6938 - Appropriations Act, 2026. This bill cuts the EPA's budget by 4%, restricts the EPA from enforcing the 2015 Ozone Air Quality Standards, and expedites offshore oil and gas production to support an 'energy dominance agenda'.",0.2925771474838257,1.0756747954836225,0.0,-0.15646380186080933,-0.0043487548828125,18,18,0,36,,,,36,121,0.19206349206349208,1,0,6.722222222222222,3,12,101,20,0.5966329966329966,0.6022304832713755,2.4126984126984126,5,0.4380804953560356,0.4083737769276604,0.0,0.04154995331465919,0.12230858016862244,
20260317_131451,rgglr,personas,semantic,off,11,5,"H.R.6938 - Appropriations Act, 2026. This bill cuts the EPA's budget by 4%, restricts the EPA from enforcing the 2015 Ozone Air Quality Standards, and expedites offshore oil and gas production to support an 'energy dominance agenda'.",0.284395694732666,1.0811569452289633,0.0,-0.164645254611969,-0.008181452751159668,18,18,0,36,,,,36,121,0.19206349206349208,1,0,6.722222222222222,3,12,101,20,0.5966329966329966,0.6022304832713755,2.4126984126984126,5,0.4380804953560356,0.4083737769276604,0.0,0.04154995331465919,0.12230858016862244,
20260317_131451,rgglr,personas,semantic,off,11,6,"H.R.6938 - Appropriations Act, 2026. This bill cuts the EPA's budget by 4%, restricts the EPA from enforcing the 2015 Ozone Air Quality Standards, and expedites offshore oil and gas production to support an 'energy dominance agenda'.",0.2870424687862396,1.122601785951848,0.0,-0.16199848055839539,0.0026467740535736084,21,15,0,36,,,,36,121,0.19206349206349208,1,0,6.722222222222222,3,12,101,20,0.5966329966329966,0.6022304832713755,2.4126984126984126,5,0.4380804953560356,0.4083737769276604,0.0,0.04154995331465919,0.12230858016862244,
20260317_131451,rgglr,personas,semantic,off,11,7,"H.R.6938 - Appropriations Act, 2026. This bill cuts the EPA's budget by 4%, restricts the EPA from enforcing the 2015 Ozone Air Quality Standards, and expedites offshore oil and gas production to support an 'energy dominance agenda'.",0.2856261432170868,1.1164787504411964,0.0,-0.16341480612754822,-0.001416325569152832,23,13,0,36,,,,36,121,0.19206349206349208,1,0,6.722222222222222,3,12,101,20,0.5966329966329966,0.6022304832713755,2.4126984126984126,5,0.4380804953560356,0.4083737769276604,0.0,0.04154995331465919,0.12230858016862244,
20260317_131451,rgglr,personas,semantic,off,11,8,"H.R.6938 - Appropriations Act, 2026. This bill cuts the EPA's budget by 4%, restricts the EPA from enforcing the 2015 Ozone Air Quality Standards, and expedites offshore oil and gas production to support an 'energy dominance agenda'.",0.24555788934230804,1.1733631882376738,0.0,-0.20348306000232697,-0.04006825387477875,22,14,0,36,,,,36,121,0.19206349206349208,1,0,6.722222222222222,3,12,101,20,0.5966329966329966,0.6022304832713755,2.4126984126984126,5,0.4380804953560356,0.4083737769276604,0.0,0.04154995331465919,0.12230858016862244,
20260317_131451,rgglr,personas,semantic,off,11,9,"H.R.6938 - Appropriations Act, 2026. This bill cuts the EPA's budget by 4%, restricts the EPA from enforcing the 2015 Ozone Air Quality Standards, and expedites offshore oil and gas production to support an 'energy dominance agenda'.",0.2434251606464386,1.2465788139360212,0.0,-0.2056157886981964,-0.002132728695869446,28,8,0,36,,,,36,121,0.19206349206349208,1,0,6.722222222222222,3,12,101,20,0.5966329966329966,0.6022304832713755,2.4126984126984126,5,0.4380804953560356,0.4083737769276604,0.0,0.04154995331465919,0.12230858016862244,
20260317_131451,rgglr,personas,semantic,off,11,10,"H.R.6938 - Appropriations Act, 2026. This bill cuts the EPA's budget by 4%, restricts the EPA from enforcing the 2015 Ozone Air Quality Standards, and expedites offshore oil and gas production to support an 'energy dominance agenda'.",0.2233273684978485,1.2849823731934025,0.0,-0.2257135808467865,-0.020097792148590088,28,8,0,36,17,19,0,36,121,0.19206349206349208,1,0,6.722222222222222,3,12,101,20,0.5966329966329966,0.6022304832713755,2.4126984126984126,5,0.4380804953560356,0.4083737769276604,0.0,0.04154995331465919,0.12230858016862244,
20260317_131451,rgglr,personas,semantic,on,11,0,"H.R.6938 - Appropriations Act, 2026. This bill cuts the EPA's budget by 4%, restricts the EPA from enforcing the 2015 Ozone Air Quality Standards, and expedites offshore oil and gas production to support an 'energy dominance agenda'.",0.4474681615829468,1.01434742437053,0.0,0.0,,19,18,0,37,16,20,0,37,130,0.19519519519519518,1,0,7.027027027027027,3,13,110,20,0.5622211122211123,0.5585980284775466,2.2882882882882885,4,0.3988027340814026,0.36240737392044575,0.0,0.03680823680823681,0.12586738973808764,9
20260317_131451,rgglr,personas,semantic,on,11,1,"H.R.6938 - Appropriations Act, 2026. This bill cuts the EPA's budget by 4%, restricts the EPA from enforcing the 2015 Ozone Air Quality Standards, and expedites offshore oil and gas production to support an 'energy dominance agenda'.",0.3812457025051117,1.034034763730646,0.0,-0.06622245907783508,-0.06622245907783508,24,13,0,37,,,,37,130,0.19519519519519518,1,0,7.027027027027027,3,13,110,20,0.5622211122211123,0.5585980284775466,2.2882882882882885,4,0.3988027340814026,0.36240737392044575,0.0,0.03680823680823681,0.12586738973808764,9
20260317_131451,rgglr,personas,semantic,on,11,2,"H.R.6938 - Appropriations Act, 2026. This bill cuts the EPA's budget by 4%, restricts the EPA from enforcing the 2015 Ozone Air Quality Standards, and expedites offshore oil and gas production to support an 'energy dominance agenda'.",0.3445890545845032,1.0349670425176034,0.0,-0.1028791069984436,-0.03665664792060852,19,18,0,37,,,,37,130,0.19519519519519518,1,0,7.027027027027027,3,13,110,20,0.5622211122211123,0.5585980284775466,2.2882882882882885,4,0.3988027340814026,0.36240737392044575,0.0,0.03680823680823681,0.12586738973808764,9
20260317_131451,rgglr,personas,semantic,on,11,3,"H.R.6938 - Appropriations Act, 2026. This bill cuts the EPA's budget by 4%, restricts the EPA from enforcing the 2015 Ozone Air Quality Standards, and expedites offshore oil and gas production to support an 'energy dominance agenda'.",0.32635965943336487,1.018389008568022,0.0,-0.12110850214958191,-0.018229395151138306,18,19,0,37,,,,37,130,0.19519519519519518,1,0,7.027027027027027,3,13,110,20,0.5622211122211123,0.5585980284775466,2.2882882882882885,4,0.3988027340814026,0.36240737392044575,0.0,0.03680823680823681,0.12586738973808764,9
20260317_131451,rgglr,personas,semantic,on,11,4,"H.R.6938 - Appropriations Act, 2026. This bill cuts the EPA's budget by 4%, restricts the EPA from enforcing the 2015 Ozone Air Quality Standards, and expedites offshore oil and gas production to support an 'energy dominance agenda'.",0.30262136459350586,1.068618207143852,0.0,-0.14484679698944092,-0.02373829483985901,20,17,0,37,,,,37,130,0.19519519519519518,1,0,7.027027027027027,3,13,110,20,0.5622211122211123,0.5585980284775466,2.2882882882882885,4,0.3988027340814026,0.36240737392044575,0.0,0.03680823680823681,0.12586738973808764,9
20260317_131451,rgglr,personas,semantic,on,11,5,"H.R.6938 - Appropriations Act, 2026. This bill cuts the EPA's budget by 4%, restricts the EPA from enforcing the 2015 Ozone Air Quality Standards, and expedites offshore oil and gas production to support an 'energy dominance agenda'.",0.2915729284286499,1.0767458201523759,0.0,-0.15589523315429688,-0.011048436164855957,19,18,0,37,,,,37,130,0.19519519519519518,1,0,7.027027027027027,3,13,110,20,0.5622211122211123,0.5585980284775466,2.2882882882882885,4,0.3988027340814026,0.36240737392044575,0.0,0.03680823680823681,0.12586738973808764,9
20260317_131451,rgglr,personas,semantic,on,11,6,"H.R.6938 - Appropriations Act, 2026. This bill cuts the EPA's budget by 4%, restricts the EPA from enforcing the 2015 Ozone Air Quality Standards, and expedites offshore oil and gas production to support an 'energy dominance agenda'.",0.28258442878723145,1.045699293839601,0.0,-0.16488373279571533,-0.008988499641418457,22,15,0,37,,,,37,130,0.19519519519519518,1,0,7.027027027027027,3,13,110,20,0.5622211122211123,0.5585980284775466,2.2882882882882885,4,0.3988027340814026,0.36240737392044575,0.0,0.03680823680823681,0.12586738973808764,9
20260317_131451,rgglr,personas,semantic,on,11,7,"H.R.6938 - Appropriations Act, 2026. This bill cuts the EPA's budget by 4%, restricts the EPA from enforcing the 2015 Ozone Air Quality Standards, and expedites offshore oil and gas production to support an 'energy dominance agenda'.",0.27862870693206787,1.0549162629457765,0.0,-0.1688394546508789,-0.003955721855163574,24,13,0,37,,,,37,130,0.19519519519519518,1,0,7.027027027027027,3,13,110,20,0.5622211122211123,0.5585980284775466,2.2882882882882885,4,0.3988027340814026,0.36240737392044575,0.0,0.03680823680823681,0.12586738973808764,9
20260317_131451,rgglr,personas,semantic,on,11,8,"H.R.6938 - Appropriations Act, 2026. This bill cuts the EPA's budget by 4%, restricts the EPA from enforcing the 2015 Ozone Air Quality Standards, and expedites offshore oil and gas production to support an 'energy dominance agenda'.",0.2776864469051361,1.0706407261349098,0.0,-0.16978171467781067,-0.0009422600269317627,30,7,0,37,,,,37,130,0.19519519519519518,1,0,7.027027027027027,3,13,110,20,0.5622211122211123,0.5585980284775466,2.2882882882882885,4,0.3988027340814026,0.36240737392044575,0.0,0.03680823680823681,0.12586738973808764,9
20260317_131451,rgglr,personas,semantic,on,11,9,"H.R.6938 - Appropriations Act, 2026. This bill cuts the EPA's budget by 4%, restricts the EPA from enforcing the 2015 Ozone Air Quality Standards, and expedites offshore oil and gas production to support an 'energy dominance agenda'.",0.27800241112709045,1.0220668329685667,0.0,-0.16946575045585632,0.0003159642219543457,28,9,0,37,,,,37,130,0.19519519519519518,1,0,7.027027027027027,3,13,110,20,0.5622211122211123,0.5585980284775466,2.2882882882882885,4,0.3988027340814026,0.36240737392044575,0.0,0.03680823680823681,0.12586738973808764,9
20260317_131451,rgglr,personas,semantic,on,11,10,"H.R.6938 - Appropriations Act, 2026. This bill cuts the EPA's budget by 4%, restricts the EPA from enforcing the 2015 Ozone Air Quality Standards, and expedites offshore oil and gas production to support an 'energy dominance agenda'.",0.2620519995689392,1.024014630591465,0.0,-0.18541616201400757,-0.015950411558151245,28,9,0,37,15,21,0,37,130,0.19519519519519518,1,0,7.027027027027027,3,13,110,20,0.5622211122211123,0.5585980284775466,2.2882882882882885,4,0.3988027340814026,0.36240737392044575,0.0,0.03680823680823681,0.12586738973808764,9
20260317_131451,rgglr,senate,degroot,off,11,0,"H.R.6938 - Appropriations Act, 2026. This bill cuts the EPA's budget by 4%, restricts the EPA from enforcing the 2015 Ozone Air Quality Standards, and expedites offshore oil and gas production to support an 'energy dominance agenda'.",0.08762400000000004,,,0.0,,,,,,,,,100,848,0.1713131313131313,1,0,16.96,3,24,788,60,0.6931719046982542,0.6789686193950556,2.286868686868687,4,0.14496958009406213,0.46692706803694844,0.0,0.013131313131313131,0.09540205301090596,
20260317_131451,rgglr,senate,degroot,off,11,1,"H.R.6938 - Appropriations Act, 2026. This bill cuts the EPA's budget by 4%, restricts the EPA from enforcing the 2015 Ozone Air Quality Standards, and expedites offshore oil and gas production to support an 'energy dominance agenda'.",0.07680625652604653,,,-0.010817743473953506,-0.010817743473953506,,,,,,,,100,848,0.1713131313131313,1,0,16.96,3,24,788,60,0.6931719046982542,0.6789686193950556,2.286868686868687,4,0.14496958009406213,0.46692706803694844,0.0,0.013131313131313131,0.09540205301090596,
20260317_131451,rgglr,senate,degroot,off,11,2,"H.R.6938 - Appropriations Act, 2026. This bill cuts the EPA's budget by 4%, restricts the EPA from enforcing the 2015 Ozone Air Quality Standards, and expedites offshore oil and gas production to support an 'energy dominance agenda'.",0.06717217748836023,,,-0.02045182251163981,-0.009634079037686302,,,,,,,,100,848,0.1713131313131313,1,0,16.96,3,24,788,60,0.6931719046982542,0.6789686193950556,2.286868686868687,4,0.14496958009406213,0.46692706803694844,0.0,0.013131313131313131,0.09540205301090596,
20260317_131451,rgglr,senate,degroot,off,11,3,"H.R.6938 - Appropriations Act, 2026. This bill cuts the EPA's budget by 4%, restricts the EPA from enforcing the 2015 Ozone Air Quality Standards, and expedites offshore oil and gas production to support an 'energy dominance agenda'.",0.05906443209867443,,,-0.028559567901325605,-0.008107745389685797,,,,,,,,100,848,0.1713131313131313,1,0,16.96,3,24,788,60,0.6931719046982542,0.6789686193950556,2.286868686868687,4,0.14496958009406213,0.46692706803694844,0.0,0.013131313131313131,0.09540205301090596,
20260317_131451,rgglr,senate,degroot,off,11,4,"H.R.6938 - Appropriations Act, 2026. This bill cuts the EPA's budget by 4%, restricts the EPA from enforcing the 2015 Ozone Air Quality Standards, and expedites offshore oil and gas production to support an 'energy dominance agenda'.",0.051970058640054224,,,-0.03565394135994581,-0.007094373458620205,,,,,,,,100,848,0.1713131313131313,1,0,16.96,3,24,788,60,0.6931719046982542,0.6789686193950556,2.286868686868687,4,0.14496958009406213,0.46692706803694844,0.0,0.013131313131313131,0.09540205301090596,
20260317_131451,rgglr,senate,degroot,off,11,5,"H.R.6938 - Appropriations Act, 2026. This bill cuts the EPA's budget by 4%, restricts the EPA from enforcing the 2015 Ozone Air Quality Standards, and expedites offshore oil and gas production to support an 'energy dominance agenda'.",0.045769706962963605,,,-0.04185429303703643,-0.0062003516770906195,,,,,,,,100,848,0.1713131313131313,1,0,16.96,3,24,788,60,0.6931719046982542,0.6789686193950556,2.286868686868687,4,0.14496958009406213,0.46692706803694844,0.0,0.013131313131313131,0.09540205301090596,
20260317_131451,rgglr,senate,degroot,off,11,6,"H.R.6938 - Appropriations Act, 2026. This bill cuts the EPA's budget by 4%, restricts the EPA from enforcing the 2015 Ozone Air Quality Standards, and expedites offshore oil and gas production to support an 'energy dominance agenda'.",0.040333854100918776,,,-0.04729014589908126,-0.005435852862044829,,,,,,,,100,848,0.1713131313131313,1,0,16.96,3,24,788,60,0.6931719046982542,0.6789686193950556,2.286868686868687,4,0.14496958009406213,0.46692706803694844,0.0,0.013131313131313131,0.09540205301090596,
20260317_131451,rgglr,senate,degroot,off,11,7,"H.R.6938 - Appropriations Act, 2026. This bill cuts the EPA's budget by 4%, restricts the EPA from enforcing the 2015 Ozone Air Quality Standards, and expedites offshore oil and gas production to support an 'energy dominance agenda'.",0.03556182889450552,,,-0.05206217110549451,-0.004772025206413254,,,,,,,,100,848,0.1713131313131313,1,0,16.96,3,24,788,60,0.6931719046982542,0.6789686193950556,2.286868686868687,4,0.14496958009406213,0.46692706803694844,0.0,0.013131313131313131,0.09540205301090596,
20260317_131451,rgglr,senate,degroot,off,11,8,"H.R.6938 - Appropriations Act, 2026. This bill cuts the EPA's budget by 4%, restricts the EPA from enforcing the 2015 Ozone Air Quality Standards, and expedites offshore oil and gas production to support an 'energy dominance agenda'.",0.03136774994438039,,,-0.05625625005561965,-0.004194078950125135,,,,,,,,100,848,0.1713131313131313,1,0,16.96,3,24,788,60,0.6931719046982542,0.6789686193950556,2.286868686868687,4,0.14496958009406213,0.46692706803694844,0.0,0.013131313131313131,0.09540205301090596,
20260317_131451,rgglr,senate,degroot,off,11,9,"H.R.6938 - Appropriations Act, 2026. This bill cuts the EPA's budget by 4%, restricts the EPA from enforcing the 2015 Ozone Air Quality Standards, and expedites offshore oil and gas production to support an 'energy dominance agenda'.",0.027678396747599435,,,-0.0599456032524006,-0.003689353196780952,,,,,,,,100,848,0.1713131313131313,1,0,16.96,3,24,788,60,0.6931719046982542,0.6789686193950556,2.286868686868687,4,0.14496958009406213,0.46692706803694844,0.0,0.013131313131313131,0.09540205301090596,
20260317_131451,rgglr,senate,degroot,off,11,10,"H.R.6938 - Appropriations Act, 2026. This bill cuts the EPA's budget by 4%, restricts the EPA from enforcing the 2015 Ozone Air Quality Standards, and expedites offshore oil and gas production to support an 'energy dominance agenda'.",0.02443068996345306,,,-0.06319331003654698,-0.003247706784146376,,,,,,,,100,848,0.1713131313131313,1,0,16.96,3,24,788,60,0.6931719046982542,0.6789686193950556,2.286868686868687,4,0.14496958009406213,0.46692706803694844,0.0,0.013131313131313131,0.09540205301090596,
20260317_131451,rgglr,senate,semantic,off,11,0,"H.R.6938 - Appropriations Act, 2026. This bill cuts the EPA's budget by 4%, restricts the EPA from enforcing the 2015 Ozone Air Quality Standards, and expedites offshore oil and gas production to support an 'energy dominance agenda'.",0.5223401784896851,1.056469594511503,1.7881393032936899e-09,0.0,,45,53,2,100,56,44,0,100,848,0.1713131313131313,1,0,16.96,3,24,788,60,0.6931719046982542,0.6789686193950556,2.286868686868687,4,0.14496958009406213,0.46692706803694844,0.0,0.013131313131313131,0.09540205301090596,
20260317_131451,rgglr,senate,semantic,off,11,1,"H.R.6938 - Appropriations Act, 2026. This bill cuts the EPA's budget by 4%, restricts the EPA from enforcing the 2015 Ozone Air Quality Standards, and expedites offshore oil and gas production to support an 'energy dominance agenda'.",0.408537358045578,1.0890744510834165,1.7881393032936899e-09,-0.11380282044410706,-0.11380282044410706,43,54,3,100,,,,100,848,0.1713131313131313,1,0,16.96,3,24,788,60,0.6931719046982542,0.6789686193950556,2.286868686868687,4,0.14496958009406213,0.46692706803694844,0.0,0.013131313131313131,0.09540205301090596,
20260317_131451,rgglr,senate,semantic,off,11,2,"H.R.6938 - Appropriations Act, 2026. This bill cuts the EPA's budget by 4%, restricts the EPA from enforcing the 2015 Ozone Air Quality Standards, and expedites offshore oil and gas production to support an 'energy dominance agenda'.",0.36707913875579834,1.1503763698938656,1.7881393032936899e-09,-0.15526103973388672,-0.04145821928977966,50,47,3,100,,,,100,848,0.1713131313131313,1,0,16.96,3,24,788,60,0.6931719046982542,0.6789686193950556,2.286868686868687,4,0.14496958009406213,0.46692706803694844,0.0,0.013131313131313131,0.09540205301090596,
20260317_131451,rgglr,senate,semantic,off,11,3,"H.R.6938 - Appropriations Act, 2026. This bill cuts the EPA's budget by 4%, restricts the EPA from enforcing the 2015 Ozone Air Quality Standards, and expedites offshore oil and gas production to support an 'energy dominance agenda'.",0.3275090754032135,1.2005694220019083,1.7881393032936899e-09,-0.19483110308647156,-0.03957006335258484,51,49,0,100,,,,100,848,0.1713131313131313,1,0,16.96,3,24,788,60,0.6931719046982542,0.6789686193950556,2.286868686868687,4,0.14496958009406213,0.46692706803694844,0.0,0.013131313131313131,0.09540205301090596,
20260317_131451,rgglr,senate,semantic,off,11,4,"H.R.6938 - Appropriations Act, 2026. This bill cuts the EPA's budget by 4%, restricts the EPA from enforcing the 2015 Ozone Air Quality Standards, and expedites offshore oil and gas production to support an 'energy dominance agenda'.",0.30718421936035156,1.231451995955291,1.7881393032936899e-09,-0.2151559591293335,-0.02032485604286194,50,50,0,100,,,,100,848,0.1713131313131313,1,0,16.96,3,24,788,60,0.6931719046982542,0.6789686193950556,2.286868686868687,4,0.14496958009406213,0.46692706803694844,0.0,0.013131313131313131,0.09540205301090596,
20260317_131451,rgglr,senate,semantic,off,11,5,"H.R.6938 - Appropriations Act, 2026. This bill cuts the EPA's budget by 4%, restricts the EPA from enforcing the 2015 Ozone Air Quality Standards, and expedites offshore oil and gas production to support an 'energy dominance agenda'.",0.2874605059623718,1.2899697197724502,1.7881393032936899e-09,-0.23487967252731323,-0.019723713397979736,47,52,1,100,,,,100,848,0.1713131313131313,1,0,16.96,3,24,788,60,0.6931719046982542,0.6789686193950556,2.286868686868687,4,0.14496958009406213,0.46692706803694844,0.0,0.013131313131313131,0.09540205301090596,
20260317_131451,rgglr,senate,semantic,off,11,6,"H.R.6938 - Appropriations Act, 2026. This bill cuts the EPA's budget by 4%, restricts the EPA from enforcing the 2015 Ozone Air Quality Standards, and expedites offshore oil and gas production to support an 'energy dominance agenda'.",0.27499920129776,1.3444246073413866,1.7881393032936899e-09,-0.24734097719192505,-0.012461304664611816,49,51,0,100,,,,100,848,0.1713131313131313,1,0,16.96,3,24,788,60,0.6931719046982542,0.6789686193950556,2.286868686868687,4,0.14496958009406213,0.46692706803694844,0.0,0.013131313131313131,0.09540205301090596,
20260317_131451,rgglr,senate,semantic,off,11,7,"H.R.6938 - Appropriations Act, 2026. This bill cuts the EPA's budget by 4%, restricts the EPA from enforcing the 2015 Ozone Air Quality Standards, and expedites offshore oil and gas production to support an 'energy dominance agenda'.",0.27636802196502686,1.3355920054105115,1.7881393032936899e-09,-0.2459721565246582,0.0013688206672668457,48,52,0,100,,,,100,848,0.1713131313131313,1,0,16.96,3,24,788,60,0.6931719046982542,0.6789686193950556,2.286868686868687,4,0.14496958009406213,0.46692706803694844,0.0,0.013131313131313131,0.09540205301090596,
20260317_131451,rgglr,senate,semantic,off,11,8,"H.R.6938 - Appropriations Act, 2026. This bill cuts the EPA's budget by 4%, restricts the EPA from enforcing the 2015 Ozone Air Quality Standards, and expedites offshore oil and gas production to support an 'energy dominance agenda'.",0.27932730317115784,1.3947873966898783,1.7881393032936899e-09,-0.24301287531852722,0.0029592812061309814,46,54,0,100,,,,100,848,0.1713131313131313,1,0,16.96,3,24,788,60,0.6931719046982542,0.6789686193950556,2.286868686868687,4,0.14496958009406213,0.46692706803694844,0.0,0.013131313131313131,0.09540205301090596,
20260317_131451,rgglr,senate,semantic,off,11,9,"H.R.6938 - Appropriations Act, 2026. This bill cuts the EPA's budget by 4%, restricts the EPA from enforcing the 2015 Ozone Air Quality Standards, and expedites offshore oil and gas production to support an 'energy dominance agenda'.",0.27851390838623047,1.3924166537071987,1.7881393032936899e-09,-0.2438262701034546,-0.0008133947849273682,46,54,0,100,,,,100,848,0.1713131313131313,1,0,16.96,3,24,788,60,0.6931719046982542,0.6789686193950556,2.286868686868687,4,0.14496958009406213,0.46692706803694844,0.0,0.013131313131313131,0.09540205301090596,
20260317_131451,rgglr,senate,semantic,off,11,10,"H.R.6938 - Appropriations Act, 2026. This bill cuts the EPA's budget by 4%, restricts the EPA from enforcing the 2015 Ozone Air Quality Standards, and expedites offshore oil and gas production to support an 'energy dominance agenda'.",0.2732851505279541,1.4251231190491789,1.7881393032936899e-09,-0.24905502796173096,-0.005228757858276367,44,56,0,100,56,44,0,100,848,0.1713131313131313,1,0,16.96,3,24,788,60,0.6931719046982542,0.6789686193950556,2.286868686868687,4,0.14496958009406213,0.46692706803694844,0.0,0.013131313131313131,0.09540205301090596,
20260317_131451,rgglr,senate,semantic,on,11,0,"H.R.6938 - Appropriations Act, 2026. This bill cuts the EPA's budget by 4%, restricts the EPA from enforcing the 2015 Ozone Air Quality Standards, and expedites offshore oil and gas production to support an 'energy dominance agenda'.",0.5226882100105286,1.056469594511503,1.7881393032936899e-09,0.0,,46,53,2,101,59,41,0,101,875,0.17326732673267325,1,0,17.326732673267326,3,27,815,60,0.6747835910883054,0.6553963577932512,2.2403960396039606,4,0.1386862953344591,0.422572085825875,0.0,0.012529252925292533,0.09435987451838163,27
20260317_131451,rgglr,senate,semantic,on,11,1,"H.R.6938 - Appropriations Act, 2026. This bill cuts the EPA's budget by 4%, restricts the EPA from enforcing the 2015 Ozone Air Quality Standards, and expedites offshore oil and gas production to support an 'energy dominance agenda'.",0.4112587869167328,1.060700472653443,1.7881393032936899e-09,-0.11142942309379578,-0.11142942309379578,46,53,2,101,,,,101,875,0.17326732673267325,1,0,17.326732673267326,3,27,815,60,0.6747835910883054,0.6553963577932512,2.2403960396039606,4,0.1386862953344591,0.422572085825875,0.0,0.012529252925292533,0.09435987451838163,27
20260317_131451,rgglr,senate,semantic,on,11,2,"H.R.6938 - Appropriations Act, 2026. This bill cuts the EPA's budget by 4%, restricts the EPA from enforcing the 2015 Ozone Air Quality Standards, and expedites offshore oil and gas production to support an 'energy dominance agenda'.",0.36796942353248596,1.1301486944221741,1.7881393032936899e-09,-0.1547187864780426,-0.043289363384246826,46,53,2,101,,,,101,875,0.17326732673267325,1,0,17.326732673267326,3,27,815,60,0.6747835910883054,0.6553963577932512,2.2403960396039606,4,0.1386862953344591,0.422572085825875,0.0,0.012529252925292533,0.09435987451838163,27
20260317_131451,rgglr,senate,semantic,on,11,3,"H.R.6938 - Appropriations Act, 2026. This bill cuts the EPA's budget by 4%, restricts the EPA from enforcing the 2015 Ozone Air Quality Standards, and expedites offshore oil and gas production to support an 'energy dominance agenda'.",0.34260210394859314,1.156949245233087,1.7881393032936899e-09,-0.18008610606193542,-0.025367319583892822,49,50,2,101,,,,101,875,0.17326732673267325,1,0,17.326732673267326,3,27,815,60,0.6747835910883054,0.6553963577932512,2.2403960396039606,4,0.1386862953344591,0.422572085825875,0.0,0.012529252925292533,0.09435987451838163,27
20260317_131451,rgglr,senate,semantic,on,11,4,"H.R.6938 - Appropriations Act, 2026. This bill cuts the EPA's budget by 4%, restricts the EPA from enforcing the 2015 Ozone Air Quality Standards, and expedites offshore oil and gas production to support an 'energy dominance agenda'.",0.3274082839488983,1.1885797447744304,1.7881393032936899e-09,-0.19527992606163025,-0.015193819999694824,49,51,1,101,,,,101,875,0.17326732673267325,1,0,17.326732673267326,3,27,815,60,0.6747835910883054,0.6553963577932512,2.2403960396039606,4,0.1386862953344591,0.422572085825875,0.0,0.012529252925292533,0.09435987451838163,27
20260317_131451,rgglr,senate,semantic,on,11,5,"H.R.6938 - Appropriations Act, 2026. This bill cuts the EPA's budget by 4%, restricts the EPA from enforcing the 2015 Ozone Air Quality Standards, and expedites offshore oil and gas production to support an 'energy dominance agenda'.",0.31873056292533875,1.2061301268272169,1.7881393032936899e-09,-0.20395764708518982,-0.00867772102355957,52,48,1,101,,,,101,875,0.17326732673267325,1,0,17.326732673267326,3,27,815,60,0.6747835910883054,0.6553963577932512,2.2403960396039606,4,0.1386862953344591,0.422572085825875,0.0,0.012529252925292533,0.09435987451838163,27
20260317_131451,rgglr,senate,semantic,on,11,6,"H.R.6938 - Appropriations Act, 2026. This bill cuts the EPA's budget by 4%, restricts the EPA from enforcing the 2015 Ozone Air Quality Standards, and expedites offshore oil and gas production to support an 'energy dominance agenda'.",0.2966700792312622,1.2294186233232154,1.7881393032936899e-09,-0.22601813077926636,-0.022060483694076538,52,47,2,101,,,,101,875,0.17326732673267325,1,0,17.326732673267326,3,27,815,60,0.6747835910883054,0.6553963577932512,2.2403960396039606,4,0.1386862953344591,0.422572085825875,0.0,0.012529252925292533,0.09435987451838163,27
20260317_131451,rgglr,senate,semantic,on,11,7,"H.R.6938 - Appropriations Act, 2026. This bill cuts the EPA's budget by 4%, restricts the EPA from enforcing the 2015 Ozone Air Quality Standards, and expedites offshore oil and gas production to support an 'energy dominance agenda'.",0.2965987026691437,1.2460511477478735,1.7881393032936899e-09,-0.2260895073413849,-7.137656211853027e-05,43,55,3,101,,,,101,875,0.17326732673267325,1,0,17.326732673267326,3,27,815,60,0.6747835910883054,0.6553963577932512,2.2403960396039606,4,0.1386862953344591,0.422572085825875,0.0,0.012529252925292533,0.09435987451838163,27
20260317_131451,rgglr,senate,semantic,on,11,8,"H.R.6938 - Appropriations Act, 2026. This bill cuts the EPA's budget by 4%, restricts the EPA from enforcing the 2015 Ozone Air Quality Standards, and expedites offshore oil and gas production to support an 'energy dominance agenda'.",0.27818623185157776,1.306948494635856,1.7881393032936899e-09,-0.2445019781589508,-0.018412470817565918,39,56,6,101,,,,101,875,0.17326732673267325,1,0,17.326732673267326,3,27,815,60,0.6747835910883054,0.6553963577932512,2.2403960396039606,4,0.1386862953344591,0.422572085825875,0.0,0.012529252925292533,0.09435987451838163,27
20260317_131451,rgglr,senate,semantic,on,11,9,"H.R.6938 - Appropriations Act, 2026. This bill cuts the EPA's budget by 4%, restricts the EPA from enforcing the 2015 Ozone Air Quality Standards, and expedites offshore oil and gas production to support an 'energy dominance agenda'.",0.2785446345806122,1.3530277563780766,1.7881393032936899e-09,-0.24414357542991638,0.00035840272903442383,33,59,9,101,,,,101,875,0.17326732673267325,1,0,17.326732673267326,3,27,815,60,0.6747835910883054,0.6553963577932512,2.2403960396039606,4,0.1386862953344591,0.422572085825875,0.0,0.012529252925292533,0.09435987451838163,27
20260317_131451,rgglr,senate,semantic,on,11,10,"H.R.6938 - Appropriations Act, 2026. This bill cuts the EPA's budget by 4%, restricts the EPA from enforcing the 2015 Ozone Air Quality Standards, and expedites offshore oil and gas production to support an 'energy dominance agenda'.",0.27213814854621887,1.4326253418526493,1.7881393032936899e-09,-0.2505500614643097,-0.0064064860343933105,30,66,5,101,55,45,0,101,875,0.17326732673267325,1,0,17.326732673267326,3,27,815,60,0.6747835910883054,0.6553963577932512,2.2403960396039606,4,0.1386862953344591,0.422572085825875,0.0,0.012529252925292533,0.09435987451838163,27
